Time (ms), Altitude (m), Pressure (Pa), Temperature (degC), Packet Error
302858, 33.61, 100922.0, 18.86, 0
303071, 33.52, 100923.0, 18.87, 0
303716, 33.36, 100925.0, 18.9, 0
304034, 33.77, 100920.0, 18.91, 0
304898, 33.61, 100922.0, 18.91, 0
305540, 33.61, 100922.0, 18.9, 0
305757, 31.94, 100942.0, 18.91, 0
306081, 33.52, 100923.0, 18.88, 0
306401, 33.44, 100924.0, 18.86, 0
306613, 33.61, 100922.0, 18.86, 0
307257, 33.44, 100924.0, 18.82, 0
307577, 33.52, 100923.0, 18.81, 0
308009, 33.61, 100922.0, 18.8, 0
308226, 31.94, 100942.0, 18.82, 0
308548, 33.44, 100924.0, 18.8, 0
308868, 33.69, 100921.0, 18.79, 0
309084, 33.61, 100922.0, 18.79, 0
309301, 31.94, 100942.0, 18.81, 0
309519, 33.61, 100922.0, 18.79, 0
309732, 33.61, 100922.0, 18.79, 0
310054, 31.77, 100944.0, 18.81, 0
310390, 33.61, 100922.0, 18.77, 0
310602, 33.52, 100923.0, 18.8, 0
311245, 33.52, 100923.0, 18.83, 0
311466, 31.93541145324707, 100942.0, 18.850000381469727, 1
311999, 33.52, 100923.0, 18.84, 0
312218, 31.94, 100942.0, 18.86, 0
312754, 33.44, 100924.0, 18.85, 0
312971, 31.77, 100944.0, 18.88, 0
313725, 33.44, 100924.0, 18.88, 0
314043, 33.52, 100923.0, 18.89, 0
314257, 33.61, 100922.0, 18.91, 0
314475, 31.85, 100943.0, 18.94, 0
314796, 33.27, 100926.0, 18.96, 0
315868, 33.19, 100927.0, 19.1, 0
316295, 33.02, 100929.0, 19.15, 0
