Time (ms), Altitude (m), Pressure (Pa), Temperature (degC), Packet Error
4278190080, -4.411440821782161e+37, nan, -7.413383263098293e+19, 1
4278190080, -4.411440821782161e+37, nan, -7.413383263098293e+19, 1
4278190080, -4.411440821782161e+37, nan, -7.413383263098293e+19, 1
3374854398, -522790.0, -1271134225956864.0, -2.189930909956806e+38, 1
820035839, 6.386698010853219e-41, 0.0, -7.596874778927238e-39, 1
