Time (ms), Altitude (m), Pressure (Pa), Temperature (degC), Packet Error
2164822782, -1.500979438220993e-36, -7.980800752165585e+19, 1.4774227422306449e-38, 1
12622846, 2.2958874039497803e-41, 1.1399392959397888e+16, nan, 1
